haul_id;year;cell
037199201156-174.4651762.0095;1992;32318
088200501171-174.501862.00964;2005;32318
088200101176-174.5305962.01498;2001;32318
089199401177-174.6321762.017;1994;32318
089199601172-174.4679762.01917;1996;32318
