haul_id;year;cell
094200001008-165.7743154.38886;2000;19819
066198601001-165.75754.392;1986;19819
143201601003-165.7549754.39576;2016;19819
094200201020-165.757154.39586;2002;19819
143201801007-165.7528254.39665;2018;19819
557198601173-165.8373354.40617;1986;19819
